{"cameraMode":{"drawMode":0,"name":"Shaded","section":"Shading Mode"},"sceneLighting":true,"audioPlay":false,"sceneViewState":{"m_AlwaysRefresh":false,"showFog":true,"showSkybox":true,"showFlares":true,"showImageEffects":true,"showParticleSystems":true,"showVisualEffectGraphs":true,"m_FxEnabled":true},"in2DMode":false,"pivot":{"x":834.4087524414063,"y":511.37982177734377,"z":-147.27496337890626},"rotation":{"x":0.00041771779069676995,"y":0.9995113015174866,"z":-0.015303285792469979,"w":0.027294320985674859},"size":741.5335083007813,"orthographic":false}